{
  "project_info": {
    "project_number": "1034855326755",
    "firebase_url": "https://iot-soil-moisure-monitoring-default-rtdb.firebaseio.com",
    "project_id": "iot-soil-moisure-monitoring",
    "storage_bucket": "iot-soil-moisure-monitoring.appspot.com"
  },
  "client": [
    {
      "client_info": {
        "mobilesdk_app_id": "1:1034855326755:android:c96282f75f237f94c2fd96",
        "android_client_info": {
          "package_name": "com.example.soilapp"
        }
      },
      "oauth_client": [
        {
          "client_id": "1034855326755-75vbcf0lfvc43tnnm723bdfhjeaild1v.apps.googleusercontent.com",
          "client_type": 3
        }
      ],
      "api_key": [
        {
          "current_key": "AIzaSyAt5V709PPRvjYUfM0e3Dhw7bCbE569tmQ"
        }
      ],
      "services": {
        "appinvite_service": {
          "other_platform_oauth_client": [
            {
              "client_id": "1034855326755-75vbcf0lfvc43tnnm723bdfhjeaild1v.apps.googleusercontent.com",
              "client_type": 3
            }
          ]
        }
      }
    },
    {
      "client_info": {
        "mobilesdk_app_id": "1:1034855326755:android:73a243ea86d5cfd1c2fd96",
        "android_client_info": {
          "package_name": "com.example.soilmonitoring"
        }
      },
      "oauth_client": [
        {
          "client_id": "1034855326755-iuitsjtspepc6jjrqotvcttr9qk2kp97.apps.googleusercontent.com",
          "client_type": 1,
          "android_info": {
            "package_name": "com.example.soilmonitoring",
            "certificate_hash": "9acfea5f1f44c8a40af9270ae434587c98a60cc9"
          }
        },
        {
          "client_id": "1034855326755-75vbcf0lfvc43tnnm723bdfhjeaild1v.apps.googleusercontent.com",
          "client_type": 3
        }
      ],
      "api_key": [
        {
          "current_key": "AIzaSyAt5V709PPRvjYUfM0e3Dhw7bCbE569tmQ"
        }
      ],
      "services": {
        "appinvite_service": {
          "other_platform_oauth_client": [
            {
              "client_id": "1034855326755-75vbcf0lfvc43tnnm723bdfhjeaild1v.apps.googleusercontent.com",
              "client_type": 3
            }
          ]
        }
      }
    }
  ],
  "configuration_version": "1"
}